,Units,Minutes,best_fit_data
0,1,23,19.670426065162864
1,2,29,35.17919799498743
2,3,49,50.687969924812
3,4,64,66.19674185463657
4,4,74,66.19674185463657
5,5,87,81.70551378446115
6,6,96,97.21428571428571
7,6,97,97.21428571428571
8,7,109,112.72305764411027
9,8,119,128.23182957393485
10,9,149,143.74060150375942
11,9,145,143.74060150375942
12,10,154,159.249373433584
13,10,166,159.249373433584
