,Units,Minutes,Predicted_time,Error
0,1,23,12,74.21428571428571
1,2,29,14,68.21428571428571
2,3,49,16,48.21428571428571
3,4,64,18,33.21428571428571
4,4,74,18,23.214285714285708
5,5,87,20,10.214285714285708
6,6,96,22,1.2142857142857082
7,6,97,22,0.2142857142857082
8,7,109,24,-11.785714285714292
9,8,119,26,-21.785714285714292
10,9,149,28,-51.78571428571429
11,9,145,28,-47.78571428571429
12,10,154,30,-56.78571428571429
13,10,166,30,-68.78571428571429
