SST_sklearn,SSE_sklearn,SSR_sklearn,R2_sklearn,coef,intercept
27768.35714285714,348.84837092731806,27419.508771929824,0.9874371980620736,15.508771929824569,4.161654135338296
